{
  "firmware": {
    "machine": "ESP32 module with ESP32",
    "firmware": "esp32 1.11.0",
    "nodename": "esp32",
    "version": "1.11.0",
    "release": "1.11.0",
    "sysname": "esp32",
    "name": "micropython"
  },
  "stubber": { "version": "1.2.0" },
  "modules": [
    { "file": "/stubs/esp32_1_11_0/umqtt/robust.py", "module": "umqtt.robust" },
    { "file": "/stubs/esp32_1_11_0/umqtt/simple.py", "module": "umqtt.simple" },
    { "file": "/stubs/esp32_1_11_0/_thread.py", "module": "_thread" },
    { "file": "/stubs/esp32_1_11_0/apa106.py", "module": "apa106" },
    { "file": "/stubs/esp32_1_11_0/array.py", "module": "array" },
    { "file": "/stubs/esp32_1_11_0/binascii.py", "module": "binascii" },
    { "file": "/stubs/esp32_1_11_0/btree.py", "module": "btree" },
    { "file": "/stubs/esp32_1_11_0/builtins.py", "module": "builtins" },
    { "file": "/stubs/esp32_1_11_0/upip.py", "module": "upip" },
    { "file": "/stubs/esp32_1_11_0/cmath.py", "module": "cmath" },
    { "file": "/stubs/esp32_1_11_0/collections.py", "module": "collections" },
    { "file": "/stubs/esp32_1_11_0/dht.py", "module": "dht" },
    { "file": "/stubs/esp32_1_11_0/ds18x20.py", "module": "ds18x20" },
    { "file": "/stubs/esp32_1_11_0/errno.py", "module": "errno" },
    { "file": "/stubs/esp32_1_11_0/esp.py", "module": "esp" },
    { "file": "/stubs/esp32_1_11_0/esp32.py", "module": "esp32" },
    { "file": "/stubs/esp32_1_11_0/flashbdev.py", "module": "flashbdev" },
    { "file": "/stubs/esp32_1_11_0/framebuf.py", "module": "framebuf" },
    { "file": "/stubs/esp32_1_11_0/gc.py", "module": "gc" },
    { "file": "/stubs/esp32_1_11_0/hashlib.py", "module": "hashlib" },
    { "file": "/stubs/esp32_1_11_0/heapq.py", "module": "heapq" },
    { "file": "/stubs/esp32_1_11_0/inisetup.py", "module": "inisetup" },
    { "file": "/stubs/esp32_1_11_0/io.py", "module": "io" },
    { "file": "/stubs/esp32_1_11_0/json.py", "module": "json" },
    { "file": "/stubs/esp32_1_11_0/logging.py", "module": "logging" },
    { "file": "/stubs/esp32_1_11_0/machine.py", "module": "machine" },
    { "file": "/stubs/esp32_1_11_0/math.py", "module": "math" },
    { "file": "/stubs/esp32_1_11_0/micropython.py", "module": "micropython" },
    { "file": "/stubs/esp32_1_11_0/neopixel.py", "module": "neopixel" },
    { "file": "/stubs/esp32_1_11_0/network.py", "module": "network" },
    { "file": "/stubs/esp32_1_11_0/ntptime.py", "module": "ntptime" },
    { "file": "/stubs/esp32_1_11_0/onewire.py", "module": "onewire" },
    { "file": "/stubs/esp32_1_11_0/os.py", "module": "os" },
    { "file": "/stubs/esp32_1_11_0/random.py", "module": "random" },
    { "file": "/stubs/esp32_1_11_0/re.py", "module": "re" },
    { "file": "/stubs/esp32_1_11_0/select.py", "module": "select" },
    { "file": "/stubs/esp32_1_11_0/socket.py", "module": "socket" },
    { "file": "/stubs/esp32_1_11_0/ssl.py", "module": "ssl" },
    { "file": "/stubs/esp32_1_11_0/struct.py", "module": "struct" },
    { "file": "/stubs/esp32_1_11_0/sys.py", "module": "sys" },
    { "file": "/stubs/esp32_1_11_0/time.py", "module": "time" },
    { "file": "/stubs/esp32_1_11_0/ubinascii.py", "module": "ubinascii" },
    { "file": "/stubs/esp32_1_11_0/ucollections.py", "module": "ucollections" },
    { "file": "/stubs/esp32_1_11_0/ucryptolib.py", "module": "ucryptolib" },
    { "file": "/stubs/esp32_1_11_0/uctypes.py", "module": "uctypes" },
    { "file": "/stubs/esp32_1_11_0/uerrno.py", "module": "uerrno" },
    { "file": "/stubs/esp32_1_11_0/uhashlib.py", "module": "uhashlib" },
    { "file": "/stubs/esp32_1_11_0/uheapq.py", "module": "uheapq" },
    { "file": "/stubs/esp32_1_11_0/uio.py", "module": "uio" },
    { "file": "/stubs/esp32_1_11_0/ujson.py", "module": "ujson" },
    { "file": "/stubs/esp32_1_11_0/uos.py", "module": "uos" },
    {
      "file": "/stubs/esp32_1_11_0/upip_utarfile.py",
      "module": "upip_utarfile"
    },
    { "file": "/stubs/esp32_1_11_0/urandom.py", "module": "urandom" },
    { "file": "/stubs/esp32_1_11_0/ure.py", "module": "ure" },
    { "file": "/stubs/esp32_1_11_0/urequests.py", "module": "urequests" },
    { "file": "/stubs/esp32_1_11_0/uselect.py", "module": "uselect" },
    { "file": "/stubs/esp32_1_11_0/usocket.py", "module": "usocket" },
    { "file": "/stubs/esp32_1_11_0/ussl.py", "module": "ussl" },
    { "file": "/stubs/esp32_1_11_0/ustruct.py", "module": "ustruct" },
    { "file": "/stubs/esp32_1_11_0/utime.py", "module": "utime" },
    { "file": "/stubs/esp32_1_11_0/utimeq.py", "module": "utimeq" },
    { "file": "/stubs/esp32_1_11_0/uwebsocket.py", "module": "uwebsocket" },
    { "file": "/stubs/esp32_1_11_0/uzlib.py", "module": "uzlib" },
    {
      "file": "/stubs/esp32_1_11_0/websocket_helper.py",
      "module": "websocket_helper"
    },
    { "file": "/stubs/esp32_1_11_0/zlib.py", "module": "zlib" }
  ]
}
